<?xml version="1.0" encoding="UTF-8"?>
<beans xmlns="http://www.springframework.org/schema/beans"
       xmlns:xsi="http://www.w3.org/2001/XMLSchema-instance"
       xsi:schemaLocation="http://www.springframework.org/schema/beans
       http://www.springframework.org/schema/beans/spring-beans-4.3.xsd">

    <bean id="custom.dictionaryBootstrap" parent="dictionaryBootstrap">
        <property name="models">
            <list>
                <value>alfresco/extension/myCustomModel.xml</value>
            </list>
        </property>
    </bean>

</beans>
