<?xml version="1.0" encoding="UTF-8"?>
<model xmlns="http://www.alfresco.org/model/dictionary/1.0" xmlns:xsi="http://www.w3.org/2001/XMLSchema-instance" name="my:customModel" xsi:schemaLocation="http://www.alfresco.org/model/dictionary/1.0 http://www.alfresco.org/model/dictionary/1.0/alfresco-dictionary-1.0.xsd">
   <description>Modelo para expediente y datos de trámite</description>
   <author>Rodolfo</author>
   <version>1.0</version>
   <imports>
      <import uri="http://www.alfresco.org/model/dictionary/1.0" prefix="d" />
   </imports>
   <namespaces>
      <namespace uri="http://www.midominio.com/model/custom/1.0" prefix="my" />
   </namespaces>
   <types>
      <type name="my:expedienteType">
         <title>Expediente</title>
         <properties>
            <property name="my:expediente_id">
               <type>d:text</type>   
            </property>
            <property name="my:area">
               <type>d:text</type>
            </property>
            <property name="my:cp">
               <type>d:text</type>
            </property>
            <property name="my:calle">
               <type>d:text</type>
            </property>
            <property name="my:folio">
               <type>d:text</type>
            </property>
            <property name="my:estado">
               <type>d:text</type>
            </property>
            <property name="my:no_ext">
               <type>d:text</type>
            </property>
            <property name="my:no_int">
               <type>d:text</type>
            </property>
            <property name="my:colonia">
               <type>d:text</type>
            </property>
            <property name="my:titular">
               <type>d:text</type>
            </property>
            <property name="my:municipio">
               <type>d:text</type>
            </property>
            <property name="my:capturista">
               <type>d:text</type>
            </property>
            <property name="my:fecha_archivo">
               <type>d:date</type>
            </property>
            <property name="my:identificador">
               <type>d:text</type>
            </property>
            <property name="my:observaciones">
               <type>d:text</type>
            </property>
            <property name="my:tipo_de_tramite">
               <type>d:text</type>
            </property>
            <property name="my:fecha_de_tramite">
               <type>d:date</type>
            </property>
         </properties>
      </type>
   </types>
</model>
